{
  "checkpoint": "outputs/checkpoints/v6.2/epoch0005.pt",
  "n_samples": 5000,
  "embed_dim": 576,
  "rankme": 481.9439697265625,
  "mean_norm": 30.379350662231445,
  "mean_per_dim_std": 1.2049723863601685,
  "n_species": 3459,
  "knn": {
    "1": {
      "mean": 0.0016,
      "std": 0.0008
    },
    "5": {
      "mean": 0.0024000000000000002,
      "std": 0.0013564659966250536
    },
    "10": {
      "mean": 0.0018000000000000002,
      "std": 0.0013266499161421598
    },
    "20": {
      "mean": 0.0024000000000000002,
      "std": 0.001624807680927192
    }
  },
  "linear_probe": {
    "accuracy": 0.004399999999999999,
    "std": 0.0013564659966250536
  }
}