{
  "checkpoint": "outputs/checkpoints/v6.2/epoch0005.pt",
  "n_samples": 20000,
  "embed_dim": 576,
  "rankme": 488.04083251953125,
  "mean_norm": 30.37923812866211,
  "mean_per_dim_std": 1.2050015926361084,
  "n_species": 6069,
  "knn": {
    "1": {
      "mean": 0.003,
      "std": 0.0015811388300841897
    },
    "5": {
      "mean": 0.0029,
      "std": 0.0009300537618869137
    },
    "10": {
      "mean": 0.0024000000000000002,
      "std": 0.0011247221879201992
    },
    "20": {
      "mean": 0.0031,
      "std": 0.000982344135219425
    }
  },
  "linear_probe": {
    "accuracy": 0.0069500000000000004,
    "std": 0.00036742346141747706
  }
}